2024-09-09 20:00	1	1	-	-	-	Água Preta e Tiburtino	regular	não	não	não	dandan			n/a	https://ridewithgps.com/routes/49272936	https://www.strava.com/activities/12371333101
2024-09-16 20:00	2	2	-	-	-	Coruja e Verde	regular	não	não	não	dandan			n/a	https://ridewithgps.com/routes/49272970	https://www.strava.com/activities/12429205174
2024-09-23 20:00	3	3	-	-	-	Altos do Sumaré e Verde I+II	regular	sim	não	não	dandan			n/a	https://ridewithgps.com/routes/49272915	https://www.strava.com/activities/12491464227
2024-10-01 20:00	4	4	-	-	-	Coruja, Bellini e Parque Lapa	regular	sim	não	não	dandan			n/a	https://ridewithgps.com/routes/49195385	https://www.strava.com/activities/12553198540
2024-10-08 20:00	5	5	-	-	-	Santa Cecília e Saracura	regular	sim	não	não	dandan			n/a	https://ridewithgps.com/routes/49195389	https://www.strava.com/activities/12610694157
2024-10-15 20:00	6	6	-	-	-	Crista de Perdizes, Altos do Água Preta, Tiburtino e Mercedes	regular	não	não	não	dandan			n/a
2024-10-22 20:00	7	7	-	-	-	Verde, Anhanguera e Sapateiro	regular	sim	não	não	dandan			n/a	https://ridewithgps.com/routes/49195396	https://www.strava.com/activities/12722429137
2024-10-24 20:00	8	8	-	-	-	Itororó, Lavapés/Glicério e Aclimação/Cambuci	regular	sim	não	sim	dandan			https://www.instagram.com/p/DBhH6IpPZO3/	https://ridewithgps.com/routes/49195439	https://www.strava.com/activities/12738152353
2024-10-29 20:15	9	9	-	-	-	Sertões de Pirituba	regular	sim	sim	não	thiagoneves			https://www.instagram.com/p/DBrLDD9u7ZE/	https://ridewithgps.com/routes/49195401	https://www.strava.com/activities/12778430969
2024-11-02 00:00	10	10	-	-	1	ABC	especial	sim	sim	não	brunoperandin			https://www.instagram.com/p/DBweYi-vMXc/?img_index=1	https://ridewithgps.com/routes/49195458	https://www.strava.com/activities/12807998180
2024-11-05 20:00	11	11	-	-	-	Contornar Pacaembu e Sumaré	regular	sim	não	não	dandan			https://www.instagram.com/p/DB-P8zUOg67/	https://ridewithgps.com/routes/48970565	https://www.strava.com/activities/12833693865
2024-11-09 20:00	12	12	-	-	-	Mirantes do Tietê com Pico do Urubu	regular	sim	não	não	brunoperandin			n/a	https://ridewithgps.com/routes/49005652	https://www.strava.com/activities/12863105194
2024-11-12 20:00	13	13	-	-	-	Margens Ocidentais do Baixo Ipiranga	regular	sim	não	sim	dandan			https://www.instagram.com/p/DCQKAoVuD7f/?img_index=1	https://ridewithgps.com/routes/49029471	https://www.strava.com/activities/12888465226
2024-11-19 20:00	14	14	-	-	-	Margens Destras do Baixo Jaguaré	regular	sim	não	sim	dandan			https://www.instagram.com/p/DChWox3ObhU/	https://ridewithgps.com/routes/49272870	https://www.strava.com/activities/12941059108
2024-11-20 00:00	15	-	1	-	-	Represa do Guarapiranga	aleatório	não	n/a	não	anaju			n/a		https://www.strava.com/activities/12947693607
2024-11-22 00:00	16	-	-	1	-	Crista de Osasco	suado	não	n/a	não	dandan			n/a	https://ridewithgps.com/routes/49272881	https://www.strava.com/activities/12958186755
2024-11-23 00:00	17	15	-	-	-	Parelheiros	especial	sim	sim	não	dandan			https://www.instagram.com/p/DCpl4FQOqFc/	https://ridewithgps.com/routes/49106874	https://www.strava.com/activities/12967661042
2024-11-26 20:00	18	16	-	-	-	Água Preta e Tiburtino	regular	sim	não	não	thiagoneves			https://www.instagram.com/p/DC1bTVfuL0A/	https://ridewithgps.com/routes/51086192	https://www.strava.com/activities/12993978327
2024-11-30 00:00	19	17	2	-	-	Paranapiacaba com Cachoeira	especial	sim	n/a	não	trilheiro			n/a	https://ridewithgps.com/routes/49272926	https://www.strava.com/activities/13019339506
2024-12-03 20:00	20	18	-	-	-	Contornar Iquirim e um pouco do Pirajuçara	regular	sim	não	não	dandan	dandan	dandan	https://www.instagram.com/p/DDF8IjTuMaK/	https://ridewithgps.com/routes/49182910	https://www.strava.com/activities/13042450707
2024-12-06 00:00	21	-	-	2	-	Morumbi e Antonico	suado	não	n/a	não	dandan			n/a	https://ridewithgps.com/routes/49272994	https://ridewithgps.com/trips/241423163
2024-12-10 20:00	22	19	-	-	-	Nascentes da Brasilândia	regular	sim	não	sim	dandan	dandan	dandan	https://www.instagram.com/p/DDXvWs7ByTI/	https://ridewithgps.com/routes/49225969	https://www.strava.com/activities/13090380478
2024-12-13 00:00	23	-	-	3	-	Jaraguá Hidrográfico	suado	não	n/a	não	dandan			n/a	https://ridewithgps.com/routes/49195254	https://www.strava.com/activities/13107838743
2024-12-17 20:00	24	20	-	-	-	Águas de Pinheiros	regular	sim	não	não	dandan	dandan	dandan	https://www.instagram.com/p/DDrYzskuaZy/	https://ridewithgps.com/routes/49267352	https://www.strava.com/activities/13139317867
2025-01-07 20:00	25	21	-	-	-	Verde, Anhanguera e Sapateiro	regular	sim	não	não	anaju	anaju	anaju	https://www.instagram.com/p/DEgLpSQOj37/	https://ridewithgps.com/routes/49195396	https://www.strava.com/activities/13296154816
2025-01-14 20:00	26	22	-	-	-	Contornar Pacaembu e Sumaré	regular	sim	não	não	anaju	anaju	anaju	https://www.instagram.com/p/DEz0L0vud94/?img_index=1	https://ridewithgps.com/routes/48970565	https://www.strava.com/activities/13358311839
2025-01-19 00:00	27	-	-	-	2	Foz do Tamanduateí até sua Nascente	especial	não	não	não	brunoperandin	n/a	n/a	n/a	https://ridewithgps.com/routes/48691963	https://www.strava.com/activities/13399227086
2025-01-21 20:00	28	23	-	-	-	Crista de Sapopema	regular	sim	não	não	dandan	dandan	dandan	sumiu	https://ridewithgps.com/routes/49510455	https://www.strava.com/activities/13419610923
2025-01-28 20:00	29	24	-	-	-	Contornar Anhangabaú	regular	sim	não	não	dandan	dandan	dandan	sumiu	https://ridewithgps.com/routes/49567136	https://www.strava.com/activities/13480213979
2025-02-04 20:00	30	25	-	-	-	Pirajuçara, Água Podre e Crista de Osasco	regular	sim	não	não	dandan	dandan	dandan	sumiu	https://ridewithgps.com/routes/49567174	https://www.strava.com/activities/13543045449
2025-02-11 20:00	31	26	-	-	-	Cabeceiras do Ipiranga	regular	sim	não	não	dandan	dandan	dandan	sumiu	https://ridewithgps.com/routes/49671673	https://www.strava.com/activities/13605202516
2025-02-25 19:30	32	27	-	-	-	Sertões do Mandaqui	regular	sim	não	não	dandan	dandan	dandan	sumiu	https://ridewithgps.com/routes/49741245	https://www.strava.com/activities/13729139008
2025-03-11 19:30	33	28	-	-	-	Águas do Lavapés e Aclimação	regular	sim	não	sim	dandan	dandan	dandan	sumiu	https://ridewithgps.com/routes/49924264	https://www.strava.com/activities/13857956230
2025-03-25 20:00	34	85	-	-	-	A Voçoroca e o Pântano	regular	sim						https://www.instagram.com/p/DWSt3WbDg-X/	https://ridewithgps.com/routes/54356024
2025-03-26 20:00	35	29	-	-	-	Águas Meridionais de Osasco	regular	sim	sim	não	dandan	dandan	dandan	sumiu	https://ridewithgps.com/routes/49999355	https://www.strava.com/activities/13988925441
2025-04-01 20:00	36	30	-	-	-	Subir Pirituba, Surfar Alpes do Jaraguá e Descer Perus	regular	sim	não	não	dandan	dandan	dandan	sumiu	https://ridewithgps.com/routes/50150417	https://www.strava.com/activities/14054565189#kudos
2025-04-08 20:00	37	31	-	-	-	Tiquatira da Foz à Nascente	regular	sim	sim	não	dandan	thiagoneves	dandan	sumiu	https://ridewithgps.com/routes/50149484	https://www.strava.com/activities/14122827694
2025-04-13 08:00	38	32	-	-	3	Rios Indígenas de Santo André	especial	sim	não	não	brunoperandin	brunoperandin	dandan	https://www.instagram.com/p/DIHLiuKO-vH/	https://ridewithgps.com/routes/49100612	https://www.strava.com/activities/14167917821
2025-04-15 20:00	39	33	-	-	-	Moinho Velho A Outra Margem do Ipiranga	regular	sim	não	não	dandan	pedpaula	dandan	sumiu	https://ridewithgps.com/routes/50331319	https://www.strava.com/activities/14190280578
2025-04-22 20:00	40	34	-	-	-	Crista do Campo Limpo via Corveta-Camacuã	regular	sim	não	não	dandan	amarmo	dandan	sumiu	https://ridewithgps.com/routes/50411729	https://www.strava.com/activities/14258680358
2025-05-06 20:00	41	35	-	-	-	Os Vales Secos do Tietê dos Remédios à Osasco	regular	sim	sim	não	dandan	pedpaula	pedpaula, dandan	https://www.instagram.com/p/DJSCz_SOyyS/	https://ridewithgps.com/routes/50480798	https://www.strava.com/activities/14401268853
2025-05-14 20:00	42	36	-	-	-	Sopés da Cantareira: Alto Piqueri e Tremembé	regular	sim	sim	não	thiagoneves	thiagoneves	thiagoneves	https://www.instagram.com/p/DJmCzVGuRwK/	https://www.strava.com/routes/3350848210103869176
2025-05-20 20:00	43	37	-	-	-	Sertões de Pirituba 2 Margem Esquerda do Verde e Alto do Morro Grande	regular	sim	não	não	dandan	dandan	dandan	https://www.instagram.com/p/DJ4WBFBODqO/	https://ridewithgps.com/routes/50844953	https://www.strava.com/activities/14546404625
2025-05-27 20:00	44	38	-	-	-	Pontos de Sela do Centro-Norte	regular	sim	não	não	dandan	dandan	dandan	https://www.instagram.com/p/DKKpRsjOxkw/	https://ridewithgps.com/routes/50957749	https://www.strava.com/activities/14616955042
2025-06-01 07:00	45	-	-	4	-	Cânions da Brasilandia	especial	não	não	não	thiagoneves	n/a	n/a	n/a		https://www.strava.com/activities/14666198000
2025-06-03 20:00	46	39	-	-	-	Água Espraiada da Foz à Nascente	regular	sim	não	não	dandan	alef	dandan	https://www.instagram.com/p/DKag2XjuRJd/	https://ridewithgps.com/routes/50943723	https://www.strava.com/activities/14689988215
2025-06-10 20:00	47	40	-	-	-	Crista da Mooca e Médio-Alto Oratório	regular	sim	sim	não	dandan	dandan	dandan	https://www.instagram.com/p/DKuhIZVONOA/	https://ridewithgps.com/routes/51051113	https://www.strava.com/activities/14761570137
2025-06-17 20:00	48	41	-	-	-	Águas Meridionais da Colina Histórica	regular	sim	não	não	alef	gmard, alef	dandan	https://www.instagram.com/p/DLALcgZOaN7/	https://ridewithgps.com/routes/51282559	https://www.strava.com/activities/14838686871
2025-06-24 20:00	49	42	-	-	-	Carapicuíba duma nascente à foz, vindo do espigão da usp e alto jaguaré	regular	sim	sim	não	dandan	micaelrodrigues	dandan	https://www.instagram.com/p/DLSGeNfuQk6/	https://ridewithgps.com/routes/51391185	https://www.strava.com/activities/14907288715
2025-07-01 20:00	50	43	-	-	-	Riacho do Divisor ao Baquivu-guaçu pelos sopés da Serra do Bananal	regular	sim	sim	não	dandan	brunabom	dandan	https://www.instagram.com/pedalhidrografico/p/DLipKMHuCLY/	https://ridewithgps.com/routes/51486572	https://www.strava.com/activities/14979251155
2025-07-08 20:00	51	44	-	-	-	Foz dos Meninos à Foz do Zavuvus pelo Riacho do Taboão e o desmorrodouro do Caaguaçu	regular	sim	sim	não	dandan	alef	dandan	https://www.instagram.com/pedalhidrografico/p/DL0tL4Yu7I7/	https://ridewithgps.com/routes/51588263	https://www.strava.com/activities/15052709921
2025-07-15 20:00	52	45	-	-	-	Pirajuçara da Foz à Nascente e Cabeçeiras do rio do Morro do S	regular	sim	não	não	dandan	alef	gmard	https://www.instagram.com/pedalhidrografico/p/DMGodnSO1Qc/	https://ridewithgps.com/routes/51701965	https://www.strava.com/activities/15128831942
2025-07-22 20:00	53	46	-	-	-	Contorno Central da Enchente de 1929 e pizza no brás	regular	sim	não	não	dandan	alef	pedpaula	https://www.instagram.com/p/DMY_UtgOaoz/	https://ridewithgps.com/routes/51812173	https://www.strava.com/activities/15205460813
2025-07-29 20:00	54	47	-	-	-	Margens destras do Jaguaré, mirante da década de 40 e pastel de Oz	regular	sim	não	não	thiagoneves	thiagoneves	giucuci	https://www.instagram.com/p/DMqJrLbu66G/	https://ridewithgps.com/routes/51937044	https://www.strava.com/activities/15282241846
2025-08-03 08:00	55	48	-	-	-	Sopés da Cantareira: Tremembé, Linha Verde e Piqueri	regular	sim	sim	não	thiagoneves	thiagoneves	thiagoneves	https://www.instagram.com/p/DM2jxeIOHJ6/	https://ridewithgps.com/routes/50737426	https://www.strava.com/activities/15335370363
2025-08-05 20:00	56	49	-	-	-	Pontos de Sela da Média Leste	regular	sim	sim	não	dandan	dandan	dandan	https://www.instagram.com/p/DM9AQl_uj-j/	https://ridewithgps.com/routes/52046213	https://www.strava.com/activities/15359926735
2025-08-12 20:00	57	50	-	-	-	Subir Rio Uberaba, descer rio Cupucê	regular	sim	sim	não	dandan	dandan	dandan	https://www.instagram.com/p/DNPJZ3JOtPZ/	https://ridewithgps.com/routes/52162083	https://www.strava.com/activities/15440098422
2025-08-19 20:00	58	51	-	-	-	O Itaquera	regular	sim	sim	não	dandan	dandan	dandan	https://www.instagram.com/p/DNgw3pBBoaV/?img_index=1	https://ridewithgps.com/routes/52269074	https://www.strava.com/activities/15519701128
2025-08-26 20:00	59	52	-	-	-	Rampa do Sapateiro, Uberaba e Traição	regular	sim	não	sim	dandan	giucuci	giucuci	https://www.instagram.com/p/DNzHbJjWDhL/	https://ridewithgps.com/routes/52165449	https://www.strava.com/activities/15599902076
2025-08-30 00:00	60	-	-	5	-	Parque do Juqueri e DIB	especial	sim	não	não	thiagoneves	n/a	n/a	n/a		https://www.strava.com/activities/15642221584
2025-09-02 20:00	61	53	-	-	-	Contornar Paraisópolis	regular	sim	não	não	dandan	alef	alef	https://www.instagram.com/p/DOGOOV5joSC/	https://ridewithgps.com/routes/52165232	https://www.strava.com/activities/15678489119
2025-09-09 20:00	62	54	-	-	-	1 ano	regular	sim	não	não	dandan	anaju	lume	https://www.instagram.com/p/DOTyz43DjpV/?img_index=1	https://ridewithgps.com/routes/49272936	https://www.strava.com/activities/15759615775
2025-09-16 20:00	63	55	-	-	-	Ilhota da Guapira e Alto da Cangaíba	regular	sim	sim	não	dandan	dandan	dandan	https://www.instagram.com/p/DOoaZqEjqKg/	https://ridewithgps.com/routes/52653389	https://www.strava.com/activities/15838413153
2025-09-21 08:30	64	56	-	6	-	O Trem e o Meteoro	especial	sim	não	não	dandan	dandan	dandan	https://www.instagram.com/p/DOzM8syATYo/	https://ridewithgps.com/routes/52515917	https://www.strava.com/activities/15892922596
2025-09-24 20:00	65	57	-	-	-	Os Três Sopés e a Ilhota de São João	regular	sim	sim	não	dandan	dandan	dandan	https://www.instagram.com/p/DO88VWtDtJj/	https://ridewithgps.com/routes/52776083	https://www.strava.com/activities/15916671235
2025-09-30 20:30	66	58	-	-	-	Rampa do Sapateiro, Uberaba e Traição	regular	não	não	não		n/a	n/a	n/a	https://ridewithgps.com/routes/52165449	https://www.strava.com/activities/15994354843
2025-10-07 20:00	67	59	-	-	-	Bico do Caaguaçu	regular	sim	não	sim	gmard	gmard	gmard	https://www.instagram.com/p/DPhFHJSDthY/	https://ridewithgps.com/routes/52939892	https://www.strava.com/activities/16070021126
2025-10-17 17:00	68	61	-	-	-	Oakland: Lake Merritt Up and down stream with a diversion by the Sausal Canyon	especial	sim	não	não	dandan, delaram	dandan	dandan	https://www.instagram.com/p/DPzHuRhAVjW/	https://ridewithgps.com/routes/52981759	https://www.strava.com/activities/16176020618
2025-10-21 20:00	69	60	-	-	-	Águas Meridionais da Colina Histórica	regular	sim	não	não	alef	gmard	Zito	https://www.instagram.com/p/DQFZDYmAaCC/	https://ridewithgps.com/routes/51282559	https://www.strava.com/activities/16224182565
2025-10-26 07:30	70	62	-	-	-	Cubatão e a Foz dos Pilões	especial	sim	não	não	ericalatina	ericalatina	dandan	https://www.instagram.com/p/DQPNof-DnxY/?img_index=1	https://ridewithgps.com/routes/53123125	https://www.strava.com/activities/16267677209
2025-10-28 20:00	71	63	-	-	-	O arco das cumeeiras do Caaguaçu	regular	sim	não	sim	fetiche, gmard	fetiche, gmard	fetiche, gmard	https://www.instagram.com/p/DQW54WjjobD/	https://ridewithgps.com/routes/53113256	https://www.strava.com/activities/16288475465
2025-11-04 20:00	72	64	-	-	-	Pontes da Ponte Rasa via Várzea do Carandiru e Baixo Cangaíba	regular	sim	sim	não	dandan	dandan	dandan	https://www.instagram.com/p/DQndVvpji_q/	https://ridewithgps.com/routes/53205838	https://www.strava.com/activities/16359358168
2025-11-11 20:00	73	65	-	-	-	Pelos Alpes do Jaraguá ao Subir Rio Pirituba e descer Rio Perus	regular	sim	sim	não	dandan	dandan	dandan	https://www.instagram.com/p/DQ5DpR3DkW4/	https://ridewithgps.com/routes/50150417	https://www.strava.com/activities/16431428223
2025-11-25 20:00	74	66	-	-	-	Marcos das antigas rotas de SP (seus relevos e relevâncias)	regular	sim	não	não	gmard	gmard	gmard	https://www.instagram.com/p/DRfuROkgcc5/?img_index=1	https://ridewithgps.com/routes/53386705	https://www.strava.com/activities/16568405964
2025-11-30 08:00	75	67	-	-	-	Recosturando Tietê e Paraíba do Sul	especial	sim	não	não	andrio, gmard	andrio, gmard	andrio, gmard	https://www.instagram.com/p/DRnmMqYgSxz/	https://ridewithgps.com/routes/53380438	https://www.strava.com/activities/16613940507
2025-12-03 20:00	76	68	-	-	-	Contornando Capão do Embira e Tatuapé pela Crista de Sapopemba e Vila Formosa	regular	sim	sim		fetiche, giucuci	fetiche, giucuci	fetiche, giucuci	https://www.instagram.com/p/DRzyPXPDuLA/	https://ridewithgps.com/routes/53428447	https://www.strava.com/activities/16646323675
2025-12-10 20:00	77	69	-	-	-	Tiburtino e córrego das corujas	regular	sim	não	não	lume	lume	lume	https://www.instagram.com/p/DSGJhd9geOh/	https://ridewithgps.com/routes/54149967	https://www.strava.com/activities/16716538608
2025-12-17 20:00	78	70	-	-	-	Cabeçeiras do Ipiranga ou Desmorrodouro do Caaguaçu	regular	sim	não	não	dandan	alef	dandan	https://www.instagram.com/p/DSVgvNRAQu9/	https://ridewithgps.com/routes/53524909	https://www.strava.com/activities/16773001621
2025-12-23 20:00	79	71	-	-	-	Bonde, Pedra e Cachoeira	regular	sim	não	não	brunotitton, fetiche	brunotitton	fetiche	https://www.instagram.com/p/DSk7MGcgTAP/	https://ridewithgps.com/routes/53564416	https://www.strava.com/activities/16825679327
2026-01-07 20:00	80	72	-	-	-	Selas, Divisas e Divisores	regular	sim	sim		fetiche	fetiche	fetiche	https://www.instagram.com/p/DTMEVNdDmcu/	https://ridewithgps.com/routes/53660982	https://www.strava.com/activities/16974924803
2026-01-14 20:00	81	73	-	-	-	Contornando Carandiru e Paciência	regular	sim	sim		fetiche	fetiche	fetiche	https://www.instagram.com/p/DTd-l-TgQyf/	https://ridewithgps.com/routes/53715166	https://www.strava.com/activities/17054364736
2026-01-21 20:00	82	74	-	-	-	Pontes do Itororó	regular	não	não					n/a	https://ridewithgps.com/routes/54149999	https://www.strava.com/activities/17134516397
2026-01-28 20:00	83	75	-	-	-	Circundar Canindé pelas Águas do Moinho e Biquinha	regular	sim	sim		giu cuci, dandan	alef	dandan	https://www.instagram.com/p/DUDeC9sjogH/	https://ridewithgps.com/routes/53832056	https://www.strava.com/activities/17212878506
2026-01-31 00:00	84	76	3	-	-	Caaguaçu Emboaçu e Riacho do Ipiranga	bicipassarinhada	sim	não		anaju	anaju	anaju	https://www.instagram.com/p/DUJI_AnjrgP/	https://ridewithgps.com/routes/53853791	https://www.strava.com/activities/17239828627
2026-02-01 00:00	85	n/a	-	-	-	SESC Consolação	sesc	sim	não	não				https://www.instagram.com/p/DUBptxLEW6g/?img_index=1		https://www.strava.com/activities/17252852597
2026-02-04 00:00	86	77	-	-	-	Entre-bacias do Jaguaré e Pirajussara pelo ponto de sela do Sopé	regular	sim	sim		fetiche	anaju	anaju	https://www.instagram.com/p/DUTydjOgXYq/	https://ridewithgps.com/routes/53879757
2026-02-11 00:00	87	78	-	-	-	Lavapés, Saracura e Banana: Três Constelações da origem do Carnaval Paulista	regular	sim	não		alef	alef	alef	https://www.instagram.com/p/DUoNFoEgdlN/	https://ridewithgps.com/routes/54150035	https://www.strava.com/activities/17371623151
2026-02-12 00:00	88	79	4	-	-	As águas da desilusão e Urutau Modernista	bicipassarinhada	sim	não	não	anaju	anaju	tomb	https://www.instagram.com/p/DUogixyDldM/?img_index=1	https://ridewithgps.com/routes/53954783	https://www.strava.com/activities/17443151616
2026-02-18 00:00	89	80	-	-	-	Fluindo à Deriva	regular	sim	não	não	zito	zito	zito	https://www.instagram.com/p/DU6gCmNARaV/
2026-02-24 20:00	90	81	-	-	-	Planalto de Taipas e os Cânions da Brasilândia	regular	sim	sim	não	dandan	dandan	dandan, giucuci	https://www.instagram.com/p/DVIEJtmjmCK/?img_index=1	https://ridewithgps.com/routes/53947457	https://www.strava.com/activities/17513421068
2026-03-04 20:00	91	82	-	-	-	Colina da Matilde e Riacho dos Machados	regular	sim	sim	não	fetiche	fetiche	fetiche	https://www.instagram.com/p/DVbP7QsDiYA/	https://ridewithgps.com/routes/53755124	https://www.strava.com/activities/17608489037
2026-03-18 20:00	92	83	-	-	-	Histórico pelo entorno do Cassandoca	regular	sim			alex			https://www.instagram.com/p/DWB1tpeDqJO/	https://ridewithgps.com/routes/54024668	https://www.strava.com/activities/17774423605
2026-03-22 00:00	93	84	-	-	-	Horta do Parque do Rio Bixiga		sim			yas			https://www.instagram.com/p/DWIIvKyDq1i/	https://ridewithgps.com/routes/54320499
2026-03-31 20:00	94	86	-	-	-	Águas de Março: povo, éguas, lágrimas, alagados	regular	sim			dandan, gmard	gmard		https://www.instagram.com/p/DWj9C_-Dxdq/?img_index=1	https://ridewithgps.com/routes/54435190
2026-04-11 00:00	95	-	4	-	-	Dar tchau pra quem migra	bicip	sim			anaju	anaju		https://www.instagram.com/p/DW9UkzAEQs85hloy_Q4a05uhVxS8efAVUUOr4c0/	https://ridewithgps.com/routes/54435190
2026-04-14 20:00	96	87	-	-	-	Várzea do Tietê e as origens do Futebol	regular	sim			alef	alef		https://www.instagram.com/p/DXDkpWnDmEO/?img_index=1	https://ridewithgps.com/routes/54581247
2026-04-21 00:00	97	88	-	-	-	Da Cantareira ao Tremembé	regular	sim			dandan	ga		https://www.instagram.com/p/DXYDQDKjjhH/	https://ridewithgps.com/routes/54745946
2026-04-28 20:00	98	89	-	-	-	Pontos de Sela dos afluentes de Tamanduateí	regular	sim			gabrieltunes			https://www.instagram.com/p/DXrwudMjrZL/	https://ridewithgps.com/routes/54852830
2026-05-06 20:00	99	90	-	-	-	Subir Gamelinha e Contornar Rincão pela Crista da Penha	regular	sim			gabrieltunes	alef	dandan	https://www.instagram.com/p/DX-3psUjtYV/	https://ridewithgps.com/routes/54984116
2026-05-09 20:00	100	91	-	-	-	era infinitamente maio no alto rio bravo	regular	sim			gmard, anaju	gmard, giovanna, anaju, dandan	gmard, dandan	https://www.instagram.com/p/DYFi8wRDjFL/?img_index=1	https://ridewithgps.com/routes/55017982
2026-05-13 20:00	101	92	-	-	-	Crista do Lauzane, subir Água Fria e duas vilas escondidas	regular	sim			gabrieltunes, alef	alef	alef	https://www.instagram.com/p/DYQyPoYDlVe/	https://ridewithgps.com/routes/55083392
2026-05-20 20:00	102	93	-	-	-	Ziguezaguear a Crista do Morumbi	regular	sim			gabrieltunes			https://www.instagram.com/p/DYfyG_IDhaM/	https://ridewithgps.com/routes/55184087
